"","EST","res","perc_res","dPSQ","Xlok","Garsonka","PocetIzieb","vlast","park_garaz","vytah","rok","podlazie","stav","konstr","vybav","stary_rek","RozlohaIzby","balkon_rozl","lodzia_rozl","terasa_rozl","wp"
"52",1875.63807563303,177.963657028377,10.482790756466,1697.67441860465,"529419025","0","1","osobne","0","1","novy","ine","kompl_rek","panel","na","0",43,0,0,0,1
"57",1586.85668535036,20.8189495013032,1.32940279948081,1566.03773584906,"529338057","0","2","osobne","0","1","uplnenovy","ine","kompl_rek","panel","na","0",26.5,0,0,0,1
"164",2365.17590740476,490.707822298377,26.1785103836818,1874.46808510638,"529320188","0","2","osobne","0","1","uplnenovy","ine","novo","tehla","na","0",23.5,0.208,0,0,1
"225",1525.79822314197,31.8223195275166,2.13004235547087,1493.97590361446,"529460080","0","3","osobne","0","1","sociknovy","ine","ciast_rek","panel","zar_spotr","0",27.67,0,0.039,0,1
"50",1681.16238167779,-36.786336270927,-2.141294200845,1717.94871794872,"529311006","0","1","osobne","0","1","novy","ine","kompl_rek","panel","na","0",39,0,0,0,1
"184",1723.30857099198,93.1715846906145,5.71556780034862,1630.13698630137,"529346","0","2","osobne","0","1","socikstary","ine","pov_stav","tehla","na","0",36.5,0,0,0,1
"64",1977.22895895619,161.844343571572,8.91515451877303,1815.38461538462,"529320152","0","2","osobne","0","1","uplnenovy","ine","kompl_rek","panel","na","0",32.5,0,0,0,1
"389",1358.00003082105,-0.974328153305123,-0.0716958452432072,1358.97435897436,"529320300","1","2","druzst","0","1","uplnenovy","ine","ciast_rek","panel","standard","0",19.5,0,0.154,0,1
"14",2079.29476379877,115.00904951306,5.8550061570285,1964.28571428571,"529460006","1","1","osobne","0","1","sociknovy","ine","ciast_rek","panel","na","0",28,0,0.429,0,1
"194",1592.74906149526,-142.545056151803,-8.21446086298523,1735.29411764706,"529397030","0","3","osobne","0","0","socikstary","ine","ciast_rek","panel","standard","0",22.67,0,0.147,0,1
"239",1182.30418806541,-49.5798699056036,-4.02471885116076,1231.88405797101,"508179","0","3","osobne","0","1","sociknovy","ine","ciast_rek","panel","standard","1",23,0,0.043,0,1
"241",1330.95861642984,80.9586164298428,6.47668931438742,1250,"508217","0","3","osobne","0","0","uplnenovy","ine","novo","panel","na","0",26.67,0,0,0,1
"66",2111.45993970189,24.3830166249645,1.1682854788609,2087.07692307692,"529346136","0","2","osobne","0","1","uplnenovy","ine","kompl_rek","tehla","na","0",32.5,0.073,0.046,0,1
"311",1668.61412079764,-91.3858792023552,-5.19237950013382,1760,"529354091","0","3","osobne","0","1","sociknovy","ine","kompl_rek","panel","standard","1",25,0.013,0,0,1
"81",1867.60025276431,24.7431099071696,1.34264937480765,1842.85714285714,"529460014","0","2","osobne","0","1","novy","ine","novo","tehla","na","0",38.5,0,0.063,0,1
"198",1819.92349035161,-291.187620759498,-13.7930978254499,2111.11111111111,"528595287","0","3","osobne","0","1","uplnenovy","ine","ciast_rek","tehla","na","0",24,0.069,0.042,0,1
"118",1991.60911069311,116.609110693107,6.21915257029902,1875,"529427022","0","2","osobne","0","1","uplnenovy","ine","novo","tehla","zar_spotr","0",28,0.071,0,0,1
"97",2080.9259427982,114.824247882947,5.84019881473611,1966.10169491525,"529346015","0","2","osobne","0","0","novy","ine","kompl_rek","tehla","na","0",29.5,0,0,0,1
"197",2191.92467096047,-1035.34805631225,-32.0812073786896,3227.27272727273,"528595261","0","3","osobne","0","1","uplnenovy","ine","novo","tehla","standard","0",36.67,0,0,0.055,1
"38",1915.75893638647,64.5394241913471,3.48631935684483,1851.21951219512,"529397","0","1","osobne","0","1","sociknovy","ine","ciast_rek","panel","na","0",41,0,0,0,1
"47",1527.78403790711,-39.7835296604585,-2.53791482316718,1567.56756756757,"529338013","0","1","osobne","0","0","sociknovy","ine","ciast_rek","panel","zar_spotr","1",37,0,0,0,1
"383",1755.68846069622,-65.7401107323499,-3.60926098138391,1821.42857142857,"528595051","0","5","osobne","0","1","uplnenovy","ine","novo","tehla","na","0",56,0,0,0,1
"221",1764.15902131853,122.183712676559,7.44126370436188,1641.97530864198,"529320232","0","3","osobne","1","1","socikstary","podstr","ciast_rek","panel","standard","0",27,0.049,0,0,1
"19",1117.17602432026,117.176024320263,11.7176024320263,1000,"504769","1","1","osobne","0","1","sociknovy","podstr","ciast_rek","zmies","zar_spotr","0",22,0,0.136,0,1
"216",1547.18283844736,-186.017161552643,-10.7325849037989,1733.2,"529419025","0","3","osobne","0","1","uplnenovy","ine","ciast_rek","panel","na","0",25,0,0,0,1
"199",1177.47542456451,-27.0700299809416,-2.24732324370081,1204.54545454545,"508179","0","3","osobne","0","0","sociknovy","ine","pov_stav","panel","na","0",22,0.045,0,0,1
"130",1567.91793039869,-22.9911605104032,-1.44515866065392,1590.90909090909,"508209","0","2","osobne","0","0","uplnenovy","ine","novo","panel","na","0",16.5,0,0,0,1
"115",1425.13453587131,-424.86546412869,-22.965700763713,1850,"508233","0","2","osobne","0","0","socikstary","ine","pov_stav","tehla","zar_spotr","0",20,0,0,0,1
"297",1345.14078226474,119.788669588687,9.7758569434446,1225.35211267606,"529338058","0","3","osobne","0","1","uplnenovy","ine","ciast_rek","panel","na","0",23.67,0,0,0,1
"69",2182.32022894,-31.9654853457114,-1.44360256399987,2214.28571428571,"529346192","0","2","osobne","0","1","socikstary","ine","kompl_rek","panel","na","0",21,0,0,0,1
"134",1936.9570495694,71.9570495694031,3.85828684018247,1865,"529346168","0","2","osobne","0","1","sociknovy","podstr","ciast_rek","panel","na","0",30,0.067,0,0,1
"367",1061.22483716355,107.953809126165,11.3245662514703,953.271028037383,"545333","0","4","osobne","0","0","stary","ine","kompl_rek","tehla","na","0",26.75,0,0,0,1
"352",1475.8425022216,353.891282709407,31.5424838936645,1121.9512195122,"529311032","0","4","osobne","0","0","novy","ine","kompl_rek","panel","na","0",20.5,0,0,0,1
"183",1916.63859751441,-180.135596033981,-8.59108227238985,2096.77419354839,"529346110","0","2","osobne","0","1","uplnenovy","ine","kompl_rek","zmies","na","0",31,0,0.097,0,1
"226",1864.98968181922,449.156348485884,31.7238150784615,1415.83333333333,"529397033","0","3","firem","0","1","uplnenovy","ine","novo","tehla","na","0",40,0,0.125,0,1
"299",1752.03149262178,161.753714844002,10.1714126364787,1590.27777777778,"529320282","0","3","osobne","0","0","uplnenovy","ine","ciast_rek","panel","na","0",24,0,0,0,1
"385",2207.60960891198,-4.51160320923464,-0.203949186170881,2212.12121212121,"529346135","1","2","osobne","0","0","socikstary","ine","pov_stav","tehla","na","0",16.5,0,0,0,1
"192",1142.97760426935,-326.140042789476,-22.1997226323167,1469.11764705882,"545333","0","3","osobne","0","0","sociknovy","ine","kompl_rek","panel","na","0",22.67,0.088,0,0,1
"215",1811.39653666406,-84.1258513956448,-4.43813546732929,1895.5223880597,"529460","0","3","osobne","0","1","sociknovy","ine","kompl_rek","panel","na","0",22.33,0,0,0,1
"193",1556.38940439289,-34.5196865162038,-2.16980886673281,1590.90909090909,"529460014","0","3","osobne","0","0","stary","ine","pov_stav","panel","na","0",22,0,0,0,1
"330",1377.83796380433,36.5588940368875,2.72567393773067,1341.27906976744,"508217","0","4","osobne","0","0","uplnenovy","ine","novo","zmies","na","0",21.5,0,0,0,1
"124",1660.76106918347,-63.204448057905,-3.66622460981947,1723.96551724138,"529460075","0","2","osobne","0","1","sociknovy","ine","ciast_rek","panel","na","0",29,0,0.069,0,1
"56",1449.44641359274,-144.303586407262,-9.05434267653407,1593.75,"508179","0","1","osobne","0","1","socikstary","ine","pov_stav","tehla","na","0",32,0,0,0,1
"212",1604.30501811054,32.8764466819662,2.09213751612512,1571.42857142857,"529460034","0","3","osobne","0","1","sociknovy","ine","ciast_rek","panel","standard","0",23.33,0,0.043,0,1
"153",2178.14638616868,-437.238229215938,-16.7179322935506,2615.38461538462,"528595001","0","2","osobne","0","1","sociknovy","ine","ciast_rek","zmies","na","0",26,0.058,0,0,1
"28",2487.57401953599,-1135.15325319129,-31.3342177794332,3622.72727272727,"529397065","0","1","osobne","0","1","novy","ine","kompl_rek","panel","na","0",22,0,0.136,0,1
"378",1696.05831551641,99.7168521017757,6.24658660988969,1596.34146341463,"529460099","0","4","osobne","0","1","sociknovy","ine","kompl_rek","panel","na","0",20.5,0,0,0,1
"149",1799.56769697194,-30.620982273341,-1.67310521699698,1830.18867924528,"529389045","0","2","osobne","0","1","sociknovy","ine","kompl_rek","panel","zar_spotr","0",26.5,0,0,0,1
"156",1641.2667758421,-1.59036701504488,-0.096804948741862,1642.85714285714,"529460027","0","2","osobne","0","1","sociknovy","ine","pov_stav","panel","na","0",28,0,0,0,1
"41",1951.42835704765,148.796778100284,8.25441980702308,1802.63157894737,"529389059","0","1","osobne","0","1","sociknovy","ine","kompl_rek","panel","na","0",38,0,0,0,1
"266",1650.11960680081,148.619606800805,9.89807571100934,1501.5,"529320259","0","3","osobne","0","1","sociknovy","podstr","ciast_rek","panel","standard","0",24.67,0,0.025,0,1
"44",1488.35514712124,28.8956876617804,1.97988971015902,1459.45945945946,"508314","0","1","osobne","0","0","uplnenovy","ine","kompl_rek","tehla","na","0",37,0,0,0,1
"94",1576.44176425429,-90.2249024123771,-5.41349414474263,1666.66666666667,"508233","0","2","osobne","0","1","uplnenovy","ine","novo","tehla","zar_spotr","0",34.5,0.052,0,0,1
"131",2022.4420326063,112.185622349892,5.87280439147084,1910.25641025641,"528595148","0","2","osobne","0","0","sociknovy","prizem","kompl_rek","tehla","zar_spotr","0",19.5,0,0,0,1
"128",2050.34315980526,-34.7632231734588,-1.66721580525772,2085.10638297872,"529346219","0","2","osobne","0","1","sociknovy","ine","pov_stav","panel","standard","0",23.5,0.101,0.149,0,1
"290",1749.36558747734,301.604393447487,20.8324684133831,1447.76119402985,"529320060","0","3","osobne","0","1","sociknovy","ine","pov_stav","panel","na","0",22.33,0,0,0,1
"139",2069.73561126857,-134.346021384496,-6.09532874800026,2204.08163265306,"529346126","0","2","osobne","0","0","socikstary","ine","kompl_rek","tehla","na","0",24.5,0,0,0,1
"325",1832.69226098544,134.579053438266,7.92521092469789,1698.11320754717,"529320175","0","4","osobne","0","0","sociknovy","ine","pov_stav","tehla","na","0",26.5,0,0,0,1
"289",1402.13108685785,100.761223844154,7.74270456907708,1301.3698630137,"529371016","0","3","osobne","0","1","sociknovy","ine","pov_stav","panel","na","0",24.33,0.041,0,0,1
"25",2529.16504918664,412.498382519972,19.4881125599987,2116.66666666667,"529320080","0","1","osobne","0","1","uplnenovy","ine","novo","zmies","standard","0",42,0.103,0.238,0.202,1
"296",2102.99376634269,-265.427286288884,-11.2069298655307,2368.42105263158,"529346195","0","3","osobne","0","1","uplnenovy","ine","novo","tehla","na","0",25.33,0,0.158,0,1
"116",1575.68490580197,93.8667239837914,6.33456419522519,1481.81818181818,"508179","0","2","osobne","0","0","novy","podstr","novo","zmies","zar_spotr","0",27.5,0.036,0,0,1
"364",1721.15228855149,-44.8051582570251,-2.53715956395203,1765.95744680851,"529419001","0","4","osobne","0","1","uplnenovy","podstr","novo","zmies","na","0",35.25,0,0,0.638,1
"188",1745.93448411819,-50.9405158818117,-2.83495044907474,1796.875,"529460089","0","3","osobne","0","1","uplnenovy","ine","ciast_rek","panel","na","0",21.33,0,0,0,1
"263",2006.69156573597,20.5804546248628,1.03621869439869,1986.11111111111,"529320152","0","3","osobne","0","1","novy","ine","kompl_rek","panel","na","0",24,0,0,0,1
"336",1573.96725442521,-449.842269384316,-22.227500369578,2023.80952380952,"528595146","0","4","osobne","0","0","stary","ine","ciast_rek","tehla","na","0",42,0,0,0,1
"110",1900.27143425756,-19.0834044521191,-0.994261408429735,1919.35483870968,"529338025","0","2","osobne","0","0","uplnenovy","ine","novo","tehla","na","0",31,0.083,0.076,0,1
"308",1584.90785872025,-29.3778555654619,-1.81986715892242,1614.28571428571,"529371008","0","3","osobne","0","1","uplnenovy","ine","ciast_rek","panel","zar_spotr","0",23.33,0,0.043,0,1
"276",1504.8366434524,-107.005461810759,-6.63870620213687,1611.84210526316,"529460116","0","3","osobne","0","1","uplnenovy","ine","ciast_rek","panel","na","0",25.33,0.105,0,0,1
"343",1152.94586915016,170.963887168179,17.4100839226311,981.981981981982,"545333","0","4","osobne","0","0","novy","prizem","novo","tehla","na","0",27.75,0,0,0.144,1
"78",1622.30381396501,-81.3998897386978,-4.77781961509748,1703.7037037037,"529460027","0","2","osobne","0","1","sociknovy","ine","pov_stav","panel","standard","0",27,0,0,0,1
"42",1879.51711397284,-176.038441582717,-8.56403229321325,2055.55555555556,"529460","0","1","osobne","0","1","uplnenovy","ine","ciast_rek","panel","na","0",36,0,0,0,1
"244",1759.08630257828,-40.9136974217154,-2.2729831900953,1800,"529346077","0","3","osobne","0","1","sociknovy","ine","kompl_rek","panel","na","0",28.33,0,0,0,1
"165",2134.55169283745,-76.9867687010096,-3.48114084561087,2211.53846153846,"529346230","0","2","osobne","0","0","socikstary","podstr","ciast_rek","tehla","zar_spotr","0",26,0,0,0.192,1
"201",1630.77534406576,138.238030632921,9.26194805240567,1492.53731343284,"529460061","0","3","osobne","0","1","sociknovy","ine","ciast_rek","panel","standard","0",22.33,0,0.087,0,1
"359",1763.11790530493,-222.389341071883,-11.2006310466861,1985.50724637681,"529460014","0","4","osobne","0","1","uplnenovy","ine","kompl_rek","panel","na","0",17.25,0,0,0,1
"4",1863.36728841461,91.9387169860381,5.19008886211506,1771.42857142857,"529460098","1","1","osobne","0","1","sociknovy","ine","ciast_rek","panel","zar_spotr","0",35,0,0.143,0,1
"32",1840.57780665749,-289.422193342514,-13.587896401057,2130,"508179","0","1","osobne","0","1","uplnenovy","ine","novo","tehla","standard","0",30,0,0,0,1
"377",1330.61092895543,23.9442622887618,1.83246905271136,1306.66666666667,"529311006","0","4","osobne","0","0","sociknovy","ine","ciast_rek","panel","na","0",18.75,0,0.047,0,1
"48",2048.14603453226,-174.076187689961,-7.83342844604827,2222.22222222222,"529460114","0","1","osobne","0","1","sociknovy","ine","kompl_rek","panel","na","0",36,0,0,0,1
"268",1778.99767966859,-78.1451774742648,-4.20781724861426,1857.14285714286,"529397060","0","3","osobne","0","1","novy","ine","kompl_rek","panel","zar_spotr","0",23.33,0,0.144,0,1
"59",1813.89193639591,-269.322349318379,-12.9282115222263,2083.21428571429,"529397060","0","2","osobne","0","1","uplnenovy","ine","kompl_rek","panel","standard","0",28,0.125,0.125,0,1
"29",2126.0492807886,78.5492807885998,3.83635071006593,2047.5,"529320242","0","1","osobne","0","1","socikstary","ine","kompl_rek","panel","na","0",40,0,0,0,1
"222",1791.3158424649,64.0431151921709,3.70775930059937,1727.27272727273,"529320232","0","3","osobne","1","1","socikstary","podstr","ciast_rek","panel","standard","0",25.67,0.052,0,0,1
"223",2068.40118759752,266.07560620217,14.7629046021849,1802.32558139535,"528595268","0","3","osobne","0","1","socikstary","ine","pov_stav","tehla","na","0",28.67,0,0,0,1
"61",1365.95000895244,263.155891305382,23.8626491649099,1102.79411764706,"529371014","0","2","osobne","0","1","uplnenovy","ine","kompl_rek","zmies","na","0",34,0,0.118,0,1
"357",2411.92361238774,75.0815071245825,3.21294737695285,2336.84210526316,"528595051","0","4","osobne","0","1","uplnenovy","ine","novo","panel","na","0",23.75,0,0,0.127,1
"242",1943.85553028595,101.750267128058,5.52358592980884,1842.10526315789,"529362029","0","3","osobne","0","0","uplnenovy","ine","novo","tehla","zar_spotr","0",19,0.06,0,0,1
"55",1861.25957328308,227.113231819662,13.8979738874719,1634.14634146341,"529389001","0","1","osobne","0","1","uplnenovy","ine","novo","panel","na","0",41,0,0,0,1
"102",2561.04087657698,612.040876576977,31.4028156273462,1949,"529320221","0","2","osobne","0","1","uplnenovy","ine","novo","zmies","standard","0",32,0.173,0.173,0,1
"208",1773.53674888614,134.647859997254,8.21580162695112,1638.88888888889,"529397076","0","3","osobne","0","1","sociknovy","ine","kompl_rek","panel","na","0",24,0,0,0,1
"46",1731.31492472347,269.776463185006,18.4583895863425,1461.53846153846,"529389053","0","1","osobne","0","1","sociknovy","ine","ciast_rek","panel","na","0",39,0,0,0,1
"209",1648.46186344776,-228.461213475315,-12.1721138327012,1876.92307692308,"529460125","0","3","osobne","0","1","sociknovy","ine","ciast_rek","panel","na","0",21.67,0,0,0,1
"39",2222.69771227341,-33.7125441368444,-1.49407866061015,2256.41025641026,"529320068","0","1","osobne","0","1","sociknovy","ine","kompl_rek","panel","na","0",39,0,0,0,1
"98",2150.03837131119,-379.373393394688,-14.9984829946737,2529.41176470588,"529346209","0","2","osobne","0","1","uplnenovy","ine","kompl_rek","tehla","na","0",25.5,0,0,0,1
"26",1642.84466483476,157.130379120478,10.5760832100322,1485.71428571429,"508233","0","1","osobne","0","0","sociknovy","ine","kompl_rek","tehla","na","0",35,0,0.057,0,1
"353",1641.43690700585,73.5356724379535,4.69007044683011,1567.9012345679,"529389041","0","4","osobne","0","1","sociknovy","prizem","kompl_rek","panel","na","0",20.25,0,0.09,0,1
"9",2116.87401210896,-43.1259878910359,-1.99657351347389,2160,"529346073","1","1","osobne","0","1","socikstary","ine","ciast_rek","panel","standard","0",25,0,0,0,1
"200",1147.53335746682,71.5839903782132,6.65310028221041,1075.94936708861,"508179","0","3","osobne","0","1","uplnenovy","ine","ciast_rek","panel","na","0",26.33,0,0,0,1
"319",1219.82730282189,101.406250190313,9.06691178172207,1118.42105263158,"508217","0","3","osobne","0","1","sociknovy","ine","kompl_rek","panel","zar_spotr","0",25.33,0,0.039,0,1
"218",1170.48376495082,138.432482899538,13.4133337467875,1032.05128205128,"508063","0","3","osobne","0","1","novy","ine","kompl_rek","panel","zar_spotr","0",26,0,0.049,0,1
"191",1257.02249584598,130.585714236782,11.5928134067347,1126.4367816092,"508179","0","3","osobne","0","0","sociknovy","ine","kompl_rek","tehla","na","0",29,0,0.044,0,1
"270",1988.9643624449,230.722604203138,13.1223481140535,1758.24175824176,"529346030","0","3","osobne","0","0","uplnenovy","ine","kompl_rek","tehla","zar_spotr","0",30.33,0,0,0,1
"2",2156.550677247,-426.782656086329,-16.5206189452772,2583.33333333333,"529460108","1","1","osobne","0","1","socikstary","ine","ciast_rek","panel","na","0",24,0,0.188,0,1
"234",1970.83402252696,-58.8534774730367,-2.89963245440674,2029.6875,"529320007","0","3","osobne","0","1","novy","ine","kompl_rek","panel","na","0",21.33,0,0,0,1
"368",1335.61967583804,125.093360048564,10.3337993083596,1210.52631578947,"529311006","0","4","osobne","0","1","sociknovy","ine","ciast_rek","panel","na","0",19,0,0,0,1
"329",1465.2242657665,-6.39735585512312,-0.434714722937659,1471.62162162162,"529338013","0","4","osobne","0","1","uplnenovy","ine","kompl_rek","panel","na","0",18.5,0,0.027,0,1
"138",1362.0906614912,-146.383914779986,-9.70410221575186,1508.47457627119,"507903","0","2","osobne","0","1","uplnenovy","ine","novo","tehla","na","0",29.5,0,0,0,1
"137",1851.52293615689,-320.977063843115,-14.7745483932389,2172.5,"529460121","0","2","osobne","0","1","socikstary","ine","ciast_rek","panel","na","0",20,0,0,0,1
"150",1625.72623773556,-124.273762264438,-7.10135784368219,1750,"529346110","0","2","osobne","0","0","socikstary","podstr","pov_stav","tehla","standard","0",30,0,0,0,1
"327",1803.03251308505,-269.548132076244,-13.0054351663246,2072.58064516129,"529389035","0","4","osobne","1","1","uplnenovy","ine","novo","tehla","standard","0",31,0.032,0.078,0,1
"74",2196.34346234556,10.6291766312747,0.486302198816491,2185.71428571429,"529320060","0","2","osobne","0","1","uplnenovy","ine","novo","tehla","na","0",35,0,0.157,0,1
"245",2228.61638010193,-330.907429421881,-12.9284763122967,2559.52380952381,"529320012","0","3","osobne","1","1","novy","ine","novo","zmies","na","0",28,0.068,0,0,1
"888",843.238711809552,125.381568952409,17.4660892073007,717.857142857143,"508438","0","3","druzst","0","1","sociknovy","ine","pov_stav","panel","na","0",23.33,0,0.029,0,1
"882",891.3351951987,-161.676852994071,-15.353751485707,1053.01204819277,"508438","0","3","osobne","0","1","uplnenovy","ine","ciast_rek","tehla","na","0",27.67,0.024,0,0,1
"883",648.610715801871,-144.492732473991,-18.2186488771553,793.103448275862,"558133","0","3","osobne","0","0","uplnenovy","ine","kompl_rek","tehla","na","0",19.33,0,0,0,1
"876",963.323051126394,35.1540370418869,3.78746074351134,928.169014084507,"508438","0","2","osobne","0","0","sociknovy","ine","kompl_rek","tehla","na","0",35.5,0,0,0,1
"859",834.972970334133,134.972970334133,19.2818529048762,700,"518158","0","1","osobne","0","1","novy","ine","ciast_rek","panel","standard","0",40,0,0.025,0,1
"866",896.129329772085,-87.313293178735,-8.87833119503723,983.44262295082,"508438","0","2","osobne","0","1","sociknovy","ine","pov_stav","panel","na","0",30.5,0.049,0.033,0,1
"863",1086.32232476143,-44.6300561909552,-3.94623654741078,1130.95238095238,"508438","0","1","osobne","0","0","socikstary","podstr","kompl_rek","tehla","na","0",42,0,0.071,0,1
"893",896.969321057602,26.969321057602,3.09992196064391,870,"508438","0","3","osobne","0","1","sociknovy","ine","ciast_rek","panel","na","0",23.33,0,0.043,0,1
"1049",1041.72425264158,130.765348531991,14.3546923952411,910.958904109589,"599875","0","3","osobne","0","1","sociknovy","ine","kompl_rek","panel","na","0",24.33,0,0,0,1
"1085",1336.31299426187,1.76753971641119,0.132445074118005,1334.54545454545,"598224","0","3","osobne","0","1","sociknovy","ine","kompl_rek","panel","na","1",18.33,0,0.036,0,1
"1040",923.111010876131,57.7776775427975,6.67692729693346,865.333333333333,"599875","0","3","osobne","0","1","socikstary","podstr","ciast_rek","panel","na","0",25,0,0.053,0,1
"1108",906.985282275505,74.6936156088385,8.9744519379831,832.291666666667,"599875","0","4","osobne","0","1","novy","ine","ciast_rek","panel","na","0",24,0,0.031,0,1
"1009",838.653565072465,112.238470732842,15.4510102567289,726.415094339623,"599841","0","2","osobne","0","0","uplnenovy","ine","kompl_rek","tehla","na","0",26.5,0,0,0,1
"1027",1043.11105492152,0.00760664565450497,0.000729232145390559,1043.10344827586,"598682","0","2","osobne","0","1","sociknovy","ine","ciast_rek","panel","standard","0",29,0,0.069,0,1
"1004",1106.81523456846,4.43428218751046,0.402245900378919,1102.38095238095,"598682","0","1","osobne","0","1","sociknovy","ine","ciast_rek","panel","standard","0",42,0,0.095,0,1
"1079",1081.31981498604,-78.680185013962,-6.78277457016914,1160,"599816","0","3","osobne","0","1","socikstary","ine","pov_stav","panel","na","0",21.67,0.185,0,0,1
"1005",1453.34456309025,-171.65543690975,-10.5634115021385,1625,"599824","0","1","osobne","0","1","sociknovy","prizem","kompl_rek","panel","na","0",32,0,0,0,1
"1089",696.075375839074,42.8495693874609,6.55968716548783,653.225806451613,"522279","0","3","osobne","0","0","sociknovy","ine","kompl_rek","zmies","na","0",20.67,0,0,0,1
"1111",1239.99732337524,88.6815339015516,7.70262465887762,1151.31578947368,"598224","0","4","osobne","0","1","uplnenovy","ine","kompl_rek","panel","na","0",19,0,0,0,1
"1016",717.039043652438,63.8132372008251,9.76894001592879,653.225806451613,"599841","0","2","osobne","0","0","socikstary","ine","ciast_rek","tehla","na","0",31,0,0,0,1
"1010",755.289517685684,139.904902301068,22.7345466239236,615.384615384615,"526355","0","2","osobne","0","0","uplnenovy","ine","ciast_rek","zmies","na","0",26,0,0,0,1
"1017",1056.95209843241,1.39654287685016,0.132304062017384,1055.55555555556,"599875","0","2","druzst","0","1","uplnenovy","ine","kompl_rek","panel","na","0",27,0,0,0,1
"1015",1455.07395556617,28.8834793756907,2.02521892116696,1426.19047619048,"598186","0","2","osobne","0","1","socikstary","ine","pov_stav","panel","na","0",21,0.071,0.143,0,1
"1056",418.72086745396,92.2502792186662,28.2568422831951,326.470588235294,"543268","0","3","osobne","0","0","socikstary","ine","ciast_rek","tehla","na","0",22.67,0,0,0,1
"1002",1530.14712509508,220.623315571273,16.8475986436245,1309.52380952381,"598186","0","1","osobne","0","0","sociknovy","ine","kompl_rek","panel","na","0",42,0,0,0,1
"1057",682.330799449688,37.4032632178042,5.79960710568201,644.927536231884,"526355","0","3","osobne","0","0","sociknovy","ine","pov_stav","panel","na","0",23,0,0,0,1
"1046",589.751813858538,-10.2481861414616,-1.70803102357693,600,"522279","0","3","osobne","0","0","sociknovy","ine","pov_stav","zmies","na","0",25,0,0,0,1
"1001",1024.30117584202,11.8011758420162,1.16554823131024,1012.5,"599875","0","1","osobne","0","1","socikstary","ine","pov_stav","panel","standard","0",40,0,0.15,0,1
"997",1205.88731591601,61.1504738107485,5.34188047082401,1144.73684210526,"598151","0","1","osobne","0","0","socikstary","prizem","pov_stav","tehla","standard","0",38,0,0,0,1
"1058",908.94332453325,67.1711726345155,7.97973329041613,841.772151898734,"599875","0","3","osobne","0","1","socikstary","ine","pov_stav","panel","na","0",26.33,0,0,0,1
"1082",1095.99344438183,132.758150264186,13.7825255236101,963.235294117647,"598224","0","3","osobne","0","0","sociknovy","ine","pov_stav","panel","na","0",22.67,0,0,0,1
"1051",1239.55554189359,114.555541893593,10.182714834986,1125,"599883","0","3","osobne","0","1","sociknovy","ine","kompl_rek","panel","na","0",21.33,0,0,0,1
"1075",984.003878959616,-41.6371466814098,-4.05962180143746,1025.64102564103,"599875","0","3","druzst","0","1","uplnenovy","ine","kompl_rek","panel","na","0",26,0,0,0,1
"1054",1239.60449789564,199.604497895643,19.1927401822734,1040,"598151","0","3","osobne","0","1","uplnenovy","ine","kompl_rek","panel","na","0",25,0,0,0,1
"1101",1104.0043045901,92.7543045900977,9.17224272831621,1011.25,"599816","0","4","osobne","0","1","sociknovy","ine","kompl_rek","panel","standard","0",20,0,0.05,0,1
"1050",989.847765189337,69.847765189337,7.59214839014533,920,"599875","0","3","druzst","0","1","sociknovy","ine","kompl_rek","panel","na","0",25,0,0.04,0,1
"1026",1081.29632039233,42.0806341178245,4.04926856605481,1039.21568627451,"599816","0","2","osobne","0","1","socikstary","ine","pov_stav","panel","na","0",25.5,0,0,0,1
"1045",573.720703953769,47.4049144800848,9.00693375121612,526.315789473684,"522279","0","3","druzst","0","0","uplnenovy","ine","ciast_rek","zmies","na","0",25.33,0,0,0,1
"1041",915.102150436225,122.419223606957,15.4436559011853,792.682926829268,"599875","0","3","osobne","0","1","socikstary","ine","ciast_rek","panel","na","0",27.33,0,0.049,0,1
"1048",1080.02101874865,30.0210187486482,2.8591446427284,1050,"598682","0","3","osobne","0","1","sociknovy","ine","ciast_rek","panel","na","0",20,0,0,0,1
"995",1393.81961861264,-28.0553813873576,-1.97312572394603,1421.875,"598224","0","1","osobne","0","1","sociknovy","prizem","kompl_rek","panel","standard","0",32,0,0,0,1
"1012",1351.58176804697,462.692879158083,52.0529489052843,888.888888888889,"599824","0","2","osobne","0","0","uplnenovy","ine","kompl_rek","zmies","na","0",27,0,0,0,1
"1030",1266.80323571612,-58.7781596327143,-4.43414186702932,1325.58139534884,"599816","0","2","osobne","0","1","sociknovy","ine","kompl_rek","panel","na","0",21.5,0,0,0,1
"684",1164.30711839991,-92.5894333242297,-7.36651184198261,1256.89655172414,"500011","0","2","osobne","0","1","novy","ine","kompl_rek","panel","na","0",29,0,0,0,1
"716",857.282499452966,17.920797325306,2.13505063191225,839.36170212766,"500933","0","4","osobne","0","1","sociknovy","ine","kompl_rek","panel","na","0",23.5,0,0,0,1
"689",1109.54025614768,190.621337228761,20.744086698424,918.918918918919,"500011","0","3","osobne","0","0","uplnenovy","ine","kompl_rek","panel","na","0",24.67,0,0,0,1
"685",721.429088784242,52.074250074565,7.77976748101936,669.354838709677,"504025","0","2","osobne","0","1","sociknovy","ine","ciast_rek","panel","na","0",31,0,0,0,1
"680",555.346545989235,57.2696229123119,11.4981482294989,498.076923076923,"501026","0","2","osobne","0","0","sociknovy","ine","kompl_rek","tehla","na","0",26,0,0,0,1
"706",1095.47925555432,44.1972042722718,4.20412430882586,1051.28205128205,"500011","0","3","osobne","0","1","sociknovy","ine","kompl_rek","panel","na","0",26,0,0,0,1
"676",1478.39471545224,-317.605284547765,-17.6840358879602,1796,"500011","1","1","osobne","0","1","uplnenovy","ine","kompl_rek","panel","na","0",25,0,0,0,1
"696",815.831953585833,-41.3109035570239,-4.81960541498613,857.142857142857,"500933","0","3","osobne","0","1","sociknovy","ine","ciast_rek","panel","na","0",23.33,0,0,0,1
"686",1072.60270777073,5.93604110405863,0.556503853505497,1066.66666666667,"500011","0","2","druzst","0","1","uplnenovy","ine","ciast_rek","panel","na","0",22.5,0,0,0,1
"711",715.607124497632,-52.3415934510862,-6.81576675990772,767.948717948718,"504025","0","4","osobne","0","1","sociknovy","ine","ciast_rek","panel","na","0",19.5,0,0,0,1
"691",735.192299365623,114.71037165478,18.4873026162072,620.481927710843,"504025","0","3","druzst","0","1","uplnenovy","ine","kompl_rek","panel","na","0",27.67,0,0,0,1
"697",1136.32446584364,77.5009364318762,7.31953288523275,1058.82352941176,"500011","0","3","osobne","0","1","sociknovy","ine","kompl_rek","panel","na","0",22.67,0,0,0,1
"683",767.264654083255,-94.1199613013605,-10.9265895420404,861.384615384615,"504998","0","2","osobne","0","1","uplnenovy","ine","kompl_rek","panel","na","0",32.5,0,0,0,1
"714",804.908299458051,32.1810267307779,4.16460345927715,772.727272727273,"504025","0","4","osobne","0","1","novy","ine","kompl_rek","panel","na","0",19.25,0,0,0,1
"980",710.444840267286,-60.3884930660478,-7.83418288424404,770.833333333333,"523585","0","3","osobne","0","1","sociknovy","ine","kompl_rek","panel","na","0",24,0,0,0,1
"972",471.92771656761,21.2427850607609,4.71344470953054,450.684931506849,"520004","0","3","druzst","0","1","uplnenovy","ine","ciast_rek","panel","na","0",24.33,0,0,0,1
"957",731.715420954056,-53.0068012681664,-6.75484901116457,784.722222222222,"523925","0","3","osobne","0","0","sociknovy","ine","kompl_rek","tehla","na","0",24,0,0,0,1
"961",487.926456068728,57.3709005131727,13.3248543127369,430.555555555556,"543292","0","3","osobne","0","1","sociknovy","ine","ciast_rek","panel","na","0",24,0,0.044,0,1
"925",861.531231961874,-62.1051316744899,-6.72398079152942,923.636363636364,"523381","0","2","osobne","0","1","socikstary","ine","ciast_rek","panel","na","0",27.5,0,0,0,1
"906",745.174733635165,-115.936377475946,-13.4635793197873,861.111111111111,"523585","0","1","osobne","0","1","sociknovy","ine","ciast_rek","panel","na","0",36,0,0,0,1
"914",701.00147054627,57.864215644309,8.99717987152365,643.137254901961,"523585","0","2","osobne","0","1","sociknovy","ine","pov_stav","zmies","na","0",25.5,0.041,0,0,1
"952",513.354921253531,-49.1450787464687,-8.7369028882611,562.5,"543292","0","3","osobne","0","0","socikstary","ine","ciast_rek","zmies","na","0",21.33,0,0,0,1
"936",968.224568487944,173.581711345087,21.8439906411794,794.642857142857,"524140","0","2","osobne","0","0","novy","ine","kompl_rek","zmies","na","0",28,0,0,0,1
"948",845.240418342747,150.325164105459,21.6321577615173,694.915254237288,"527092","0","3","osobne","0","0","sociknovy","ine","kompl_rek","tehla","na","0",19.67,0,0,0,1
"923",699.560673414934,-77.0350712659175,-9.91958451917294,776.595744680851,"523585","0","2","osobne","0","1","sociknovy","ine","ciast_rek","panel","na","0",23.5,0,0,0,1
"978",1274.99446132802,-11.7702445543296,-0.914716148222184,1286.76470588235,"560103","0","3","osobne","0","0","uplnenovy","ine","kompl_rek","tehla","na","0",22.67,0,0,0,1
"904",770.159759536852,-17.7190283419357,-2.24895359724568,787.878787878788,"523585","0","1","osobne","0","1","sociknovy","ine","ciast_rek","panel","na","0",33,0,0,0,1
"921",798.081478650266,-50.1328070640192,-5.91039409596858,848.214285714286,"525405","0","2","druzst","0","1","sociknovy","ine","kompl_rek","zmies","na","0",28,0,0,0,1
"916",889.759493997686,-81.0738393356474,-8.35095340796368,970.833333333333,"523763","0","2","osobne","0","0","uplnenovy","ine","novo","tehla","na","0",36,0,0,0,1
"917",584.180581912067,-36.1897884583032,-5.83357784103991,620.37037037037,"543292","0","2","osobne","0","1","sociknovy","ine","kompl_rek","zmies","na","0",27,0,0,0,1
"938",728.7701879922,-153.995769454609,-17.4446882727563,882.765957446809,"523925","0","2","osobne","0","0","novy","ine","ciast_rek","tehla","na","0",23.5,0,0,0,1
"939",603.935386613834,103.955386613834,20.7919089991268,499.98,"520004","0","2","osobne","0","0","uplnenovy","ine","kompl_rek","tehla","na","0",25,0,0,0,1
"991",855.188199833266,-134.811800166734,-13.6173535521953,990,"523381","0","4","osobne","0","1","sociknovy","ine","kompl_rek","panel","na","0",25,0,0,0,1
"989",506.803576890975,-168.736963649565,-24.9780662333824,675.540540540541,"519197","0","3","osobne","0","1","sociknovy","ine","kompl_rek","panel","standard","0",24.67,0,0.068,0,1
"962",804.75653085422,158.602684700374,24.5456535845816,646.153846153846,"559890","0","3","osobne","0","0","sociknovy","ine","ciast_rek","panel","na","0",21.67,0,0,0,1
"910",881.289334232081,-11.5678086250615,-1.29559456600689,892.857142857143,"523381","0","1","osobne","0","1","sociknovy","ine","pov_stav","panel","na","0",42,0,0,0,1
"934",694.733530617849,-176.175560291241,-20.228926547011,870.909090909091,"523925","0","2","osobne","0","0","uplnenovy","ine","ciast_rek","tehla","na","0",27.5,0,0,0,1
"898",697.610030813026,-71.4375882345927,-9.28909816053527,769.047619047619,"523585","0","1","osobne","0","1","sociknovy","ine","ciast_rek","panel","na","0",42,0,0,0,1
"899",1091.93896893765,132.479509478186,13.8077235230785,959.459459459459,"523381","0","1","osobne","0","1","novy","ine","kompl_rek","zmies","na","0",37,0,0,0,1
"915",1173.109683046,298.109683045999,34.0696780623999,875,"560103","0","2","osobne","0","0","socikstary","ine","ciast_rek","tehla","na","0",28,0,0,0,1
"900",1595.32766145126,-1909.78861761851,-54.4857421427786,3505.11627906977,"560103","0","1","osobne","0","1","novy","ine","novo","tehla","na","0",43,0.154,0,0,1
"981",833.58934495867,111.367122736448,15.4200631481236,722.222222222222,"524140","0","3","osobne","0","1","sociknovy","ine","pov_stav","zmies","na","0",24,0.041,0,0,1
"575",692.037631292241,-51.5521122975027,-6.93287027449175,743.589743589744,"513016","0","2","osobne","0","1","uplnenovy","ine","kompl_rek","tehla","na","0",39,0,0,0,1
"573",693.918686550772,-69.7176770855916,-9.12969580882747,763.636363636364,"512842","0","2","osobne","0","1","sociknovy","ine","ciast_rek","zmies","na","0",27.5,0,0,0,1
"563",1111.04093945427,144.374272787608,14.935269598718,966.666666666667,"505820","0","1","osobne","0","1","novy","ine","kompl_rek","panel","na","0",30,0,0,0,1
"661",913.131041992359,11.8152525186748,1.3108893305391,901.315789473684,"505820","0","4","osobne","0","0","uplnenovy","ine","kompl_rek","tehla","na","0",19,0,0,0,1
"593",599.145204382763,-144.444539206981,-19.4253001002491,743.589743589744,"513016","0","2","osobne","0","0","uplnenovy","ine","ciast_rek","panel","na","0",39,0,0,0,1
"594",865.801173805649,-90.7205653247859,-9.48442273850034,956.521739130435,"505820","0","2","osobne","0","1","socikstary","ine","pov_stav","panel","na","0",23,0,0,0,1
"660",812.086693800619,-25.7511440372189,-3.07352364315193,837.837837837838,"505820","0","4","osobne","0","1","uplnenovy","ine","ciast_rek","panel","na","0",18.5,0,0.041,0,1
"643",730.664412248274,-144.335587751726,-16.4954957430544,875,"512842","0","3","druzst","0","1","uplnenovy","ine","kompl_rek","tehla","na","0",21.33,0,0,0,1
"552",767.927687368548,117.927687368548,18.1427211336228,650,"513440","0","1","osobne","0","0","socikstary","ine","ciast_rek","tehla","na","0",30,0,0,0,1
"640",657.511458269271,9.23020826927143,1.42379688896932,648.28125,"512842","0","3","osobne","0","0","sociknovy","ine","ciast_rek","panel","na","0",21.33,0,0,0,1
"608",668.564190565484,-81.435809434516,-10.8581079246021,750,"512842","0","3","osobne","0","1","sociknovy","ine","ciast_rek","panel","na","0",20.67,0,0,0,1
"623",570.125653535201,28.9491829469661,5.34930554454808,541.176470588235,"542652","0","3","osobne","0","0","sociknovy","podstr","pov_stav","panel","na","0",22.67,0,0.037,0,1
"636",730.75770320145,-32.7558103120637,-4.29014152759772,763.513513513514,"506613","0","3","osobne","0","1","sociknovy","ine","kompl_rek","panel","na","0",24.67,0,0,0,1
"646",668.759682134167,-57.787192865833,-7.95367716168803,726.546875,"512842","0","3","osobne","0","1","uplnenovy","ine","ciast_rek","panel","na","0",21.33,0,0,0,1
"609",687.477311543452,204.426464085824,42.3198644949602,483.050847457627,"513016","0","3","osobne","0","0","sociknovy","ine","pov_stav","zmies","na","0",19.67,0,0,0,1
"597",602.300786715787,120.482604897605,25.0058236579936,481.818181818182,"513881","0","2","osobne","0","1","socikstary","ine","pov_stav","panel","na","0",27.5,0,0,0,1
"580",981.31097575665,-195.772357576683,-16.63198790032,1177.08333333333,"505820","0","2","osobne","0","0","sociknovy","ine","kompl_rek","tehla","na","0",24,0,0,0,1
"551",916.104909736705,443.882687514483,93.9986867677729,472.222222222222,"506281","0","1","osobne","0","0","uplnenovy","ine","ciast_rek","tehla","na","0",36,0,0,0,1
"402",1100.78372660793,-267.637326023649,-19.5581122863436,1368.42105263158,"506745","0","1","osobne","0","1","sociknovy","prizem","ciast_rek","panel","zar_spotr","0",38,0,0.132,0,1
"396",1406.85523841889,192.569524133179,15.8586666933206,1214.28571428571,"506745","1","1","osobne","0","1","uplnenovy","ine","kompl_rek","panel","standard","0",28,0.107,0,0,1
"435",1178.04881514695,26.1257382238744,2.26801066384218,1151.92307692308,"506745","0","2","osobne","0","1","uplnenovy","ine","kompl_rek","panel","na","0",26,0,0,0,1
"445",1165.02649489789,-197.042470619351,-14.4664092353447,1362.06896551724,"506745","0","2","osobne","0","0","uplnenovy","ine","kompl_rek","tehla","na","0",29,0,0,0,1
"423",1015.08880239848,-48.5475612378854,-4.5643006292029,1063.63636363636,"506745","0","2","osobne","0","1","novy","ine","pov_stav","panel","standard","0",27.5,0,0.073,0,1
"439",783.87359217622,92.206925509553,13.3311217604173,691.666666666667,"504009","0","2","osobne","0","0","novy","ine","ciast_rek","tehla","na","0",30,0,0,0,1
"421",739.5879869615,22.1966826136737,3.09408303099694,717.391304347826,"504815","0","2","osobne","0","1","sociknovy","ine","ciast_rek","panel","standard","0",23,0,0,0,1
"418",1229.19656542609,-79.8943436648194,-6.10304014106259,1309.09090909091,"501905","0","2","osobne","0","1","novy","ine","novo","tehla","na","0",27.5,0,0,0,1
"466",1276.20224843447,-197.823725591504,-13.4206404145778,1474.02597402597,"506745","0","3","firem","0","1","uplnenovy","ine","novo","zmies","standard","0",25.67,0,0.13,0,1
"430",1081.75827901859,38.0082790185884,3.64151176225996,1043.75,"501905","0","2","osobne","0","0","stary","ine","novo","tehla","na","0",40,0.075,0.056,0,1
"539",974.777214303911,106.951127347389,12.3240277003505,867.826086956522,"501727","0","4","osobne","0","0","novy","ine","novo","tehla","na","0",28.75,0,0,0.165,1
"393",1410.62768004625,-67.1500977315316,-4.54399157581793,1477.77777777778,"506745","1","1","osobne","0","1","sociknovy","ine","kompl_rek","panel","na","0",27,0,0,0,1
"444",1130.86434348493,-90.8023231817394,-7.43265946917376,1221.66666666667,"506745","0","2","osobne","0","1","uplnenovy","ine","kompl_rek","panel","na","0",30,0,0.05,0,1
"414",1032.99322297246,149.659889639122,16.9426290157497,883.333333333333,"506745","0","2","osobne","0","0","sociknovy","ine","ciast_rek","panel","na","0",27,0,0,0,1
"442",829.328759673762,-99.2426688976661,-10.6876720351333,928.571428571429,"503665","0","2","osobne","0","0","socikstary","ine","ciast_rek","tehla","na","0",28,0,0,0,1
"471",676.031725742697,-36.6349409239696,-5.14054362824643,712.666666666667,"504815","0","3","osobne","0","1","sociknovy","ine","ciast_rek","panel","standard","0",25,0.067,0,0,1
"514",1052.61210912361,-802.109202351804,-43.2468855233962,1854.72131147541,"503665","0","3","osobne","0","1","novy","ine","novo","zmies","na","0",20.33,0,0,0,1
"401",651.353865394688,-0.161286120463046,-0.0247555440710722,651.515151515152,"504378","0","1","osobne","0","1","sociknovy","ine","ciast_rek","panel","standard","0",33,0,0,0,1
"541",664.380210350717,-68.1779291841664,-9.30682842831478,732.558139534884,"507059","0","4","osobne","0","0","uplnenovy","ine","ciast_rek","tehla","na","0",21.5,0.047,0,0,1
"409",1256.16626823138,-377.167065101955,-23.0918611286911,1633.33333333333,"506745","0","1","osobne","0","1","novy","ine","ciast_rek","zmies","standard","0",30,0,0,0,1
"494",834.699237879535,117.831768000017,16.4370365445402,716.867469879518,"503665","0","3","osobne","0","1","uplnenovy","ine","kompl_rek","panel","na","0",27.67,0,0,0,1
"495",819.365770473671,5.52856117134581,0.679320275376111,813.837209302326,"503665","0","3","osobne","0","1","sociknovy","ine","kompl_rek","panel","na","0",28.67,0,0,0,1
"518",1029.03568072825,283.509364938773,38.028082836828,745.526315789474,"501638","0","3","osobne","0","0","uplnenovy","ine","novo","tehla","na","0",38,0,0,0.491,1
"397",1259.31129973626,-124.022033597078,-8.96544821183697,1383.33333333333,"501905","0","1","osobne","0","1","novy","ine","kompl_rek","panel","na","0",30,0,0,0,1
"400",1201.98384175647,-168.254253481622,-12.2791983427074,1370.2380952381,"506745","0","1","osobne","0","1","sociknovy","ine","kompl_rek","panel","na","0",42,0,0.048,0,1
"534",643.983664228085,86.0889273859796,15.4310341540907,557.894736842105,"506818","0","4","osobne","0","0","sociknovy","prizem","ciast_rek","tehla","standard","0",23.75,0,0,0,1
"405",1187.72258978029,-350.738948681246,-22.798031664281,1538.46153846154,"507440","0","1","osobne","0","0","uplnenovy","ine","kompl_rek","panel","na","0",39,0.038,0,0,1
"454",694.615468537447,113.272184955358,19.4845606983542,581.343283582089,"501433","0","3","osobne","0","0","uplnenovy","ine","kompl_rek","zmies","na","0",22.33,0,0,0,1
"497",1123.08693096146,-75.4424808032418,-6.2945873553625,1198.52941176471,"506745","0","3","osobne","0","1","novy","podstr","kompl_rek","panel","zar_spotr","0",22.67,0,0,0,1
"535",908.673016773494,-79.4222213217444,-8.03791155545365,988.095238095238,"507032","0","4","osobne","0","0","sociknovy","ine","kompl_rek","tehla","na","0",21,0,0,0,1
"438",630.665879092852,92.9300300362485,17.2817248839339,537.735849056604,"504076","0","2","osobne","0","0","socikstary","ine","ciast_rek","tehla","na","0",26.5,0,0,0,1
"464",946.55085909071,-47.5667879681132,-4.78482482519482,994.117647058824,"503665","0","3","osobne","0","1","uplnenovy","ine","novo","tehla","standard","0",28.33,0.024,0.024,0,1
"533",575.329751396219,25.98909205556,4.73096094630119,549.340659340659,"504378","0","4","osobne","0","1","sociknovy","podstr","kompl_rek","panel","standard","0",22.75,0.055,0,0,1
"394",1498.29675668679,-210.036576646547,-12.2948239988223,1708.33333333333,"506745","1","1","osobne","0","1","sociknovy","ine","kompl_rek","panel","na","0",24,0.125,0,0,1
"417",1053.9291241026,-112.737542564066,-9.66321793406278,1166.66666666667,"503665","0","2","osobne","0","0","novy","ine","novo","tehla","na","0",27,0,0,0,1
"432",1095.96377639271,-58.5460275288635,-5.07107235728947,1154.50980392157,"506745","0","2","osobne","0","0","novy","ine","ciast_rek","tehla","na","0",25.5,0,0,0,1
"411",655.312287723172,-138.805359335652,-17.4791933978228,794.117647058824,"504378","0","2","osobne","0","0","uplnenovy","ine","kompl_rek","panel","na","0",25.5,0,0,0,1
"793",661.582581815504,-19.2684820142837,-2.83005829584792,680.851063829787,"510998","0","3","osobne","0","0","uplnenovy","ine","kompl_rek","tehla","standard","0",31.33,0,0.021,0,1
"789",694.373661585296,0.825274488521586,0.118993065786833,693.548387096774,"510998","0","3","osobne","0","1","sociknovy","prizem","kompl_rek","panel","standard","0",20.67,0.032,0,0,1
"731",704.87212400345,-78.4612093298838,-10.0163245953043,783.333333333333,"510726","0","1","osobne","0","0","uplnenovy","ine","kompl_rek","panel","na","0",36,0,0,0,1
"782",985.151488767763,47.2204542850047,5.03453372891595,937.931034482759,"517402","0","2","osobne","0","1","uplnenovy","ine","ciast_rek","panel","na","0",29,0,0,0,1
"776",950.721723019165,54.1814931341078,6.04339786749494,896.540229885057,"517402","0","2","osobne","0","0","uplnenovy","ine","kompl_rek","zmies","na","0",43.5,0,0,0,1
"854",1044.95027222406,268.830869238985,34.6378235365616,776.119402985075,"517402","0","4","osobne","0","0","uplnenovy","ine","novo","tehla","na","0",33.5,0,0,0,1
"724",1480.30578588635,-86.3608807803139,-5.51239664555195,1566.66666666667,"517402","1","1","osobne","0","1","novy","ine","kompl_rek","panel","na","0",21,0,0.214,0,1
"753",1119.39016129172,178.712195190024,18.9982333625431,940.677966101695,"517402","0","2","osobne","0","1","uplnenovy","ine","kompl_rek","zmies","na","0",29.5,0,0,0,1
"780",859.076754973409,234.076754973409,37.4522807957454,625,"512036","0","2","osobne","0","0","sociknovy","ine","pov_stav","zmies","na","0",20,0,0,0,1
"788",659.178744516049,36.2279248439177,5.81553530389205,622.950819672131,"510998","0","3","osobne","0","1","uplnenovy","ine","ciast_rek","panel","standard","0",20.33,0,0.033,0,1
"781",882.230789384394,42.94507509868,5.11686001175762,839.285714285714,"517461","0","2","osobne","0","0","uplnenovy","ine","kompl_rek","tehla","na","0",28,0,0,0,1
"799",879.85702383624,-154.62573478445,-14.9471543624968,1034.48275862069,"509256","0","3","osobne","0","1","uplnenovy","ine","ciast_rek","panel","na","0",19.33,0,0,0,1
"806",720.992307268133,-44.6326927318669,-5.82957619354996,765.625,"510998","0","3","osobne","0","1","sociknovy","ine","kompl_rek","panel","standard","0",21.33,0.031,0,0,1
"858",1012.30003729286,77.0482387317063,8.23823475669783,935.251798561151,"517402","0","5","osobne","0","0","uplnenovy","ine","kompl_rek","zmies","na","0",27.8,0,0.014,0,1
"830",870.894048445853,136.045563597368,18.5134169019099,734.848484848485,"512036","0","3","osobne","0","0","sociknovy","ine","kompl_rek","zmies","na","0",22,0,0,0,1
"725",1316.72315662807,-233.276843371927,-15.0501189272211,1550,"517402","1","1","osobne","0","1","sociknovy","ine","ciast_rek","panel","na","0",20,0,0,0,1
"719",1220.71224922588,-57.0655285518937,-4.46599788666995,1277.77777777778,"517917","1","1","osobne","0","0","sociknovy","ine","kompl_rek","tehla","na","0",18,0,0,0,1
"851",951.373715721986,-22.6522583039881,-2.32563185254278,974.025974025974,"517402","0","4","osobne","0","1","sociknovy","ine","ciast_rek","panel","na","0",19.25,0,0,0,1
"796",634.507952118969,-70.4100806679158,-9.98840679242527,704.918032786885,"510726","0","3","osobne","0","1","socikstary","ine","kompl_rek","panel","na","0",20.33,0,0,0,1
"829",992.737884298335,-176.262115701665,-15.0780252952664,1169,"517402","0","3","osobne","0","1","stary","ine","kompl_rek","tehla","na","0",33.33,0,0,0,1
"845",804.760561941751,-6.21504781434692,-0.766366798160071,810.975609756098,"512036","0","3","osobne","0","1","sociknovy","ine","kompl_rek","panel","na","0",27.33,0,0,0,1
"827",719.134288793452,-44.3792247200614,-5.8125002288222,763.513513513514,"512036","0","3","osobne","0","0","uplnenovy","prizem","ciast_rek","tehla","standard","0",24.67,0,0,0,1
"771",734.593478890766,-61.4065211092339,-7.71438707402437,796,"510262","0","2","osobne","0","1","novy","prizem","kompl_rek","panel","standard","0",25,0,0.06,0,1
"769",795.448980449821,73.2267582275983,10.1390896007444,722.222222222222,"512036","0","2","osobne","0","0","sociknovy","ine","pov_stav","zmies","na","0",27,0,0,0,1
"795",723.06005403765,141.978972956569,24.4335906948514,581.081081081081,"509132","0","3","osobne","0","1","sociknovy","ine","kompl_rek","panel","na","0",24.67,0,0,0,1
"804",870.130958336695,-10.4660565886784,-1.18851829057873,880.597014925373,"509256","0","3","osobne","0","0","uplnenovy","ine","ciast_rek","tehla","na","0",22.33,0,0,0,1
"732",1138.22187594885,85.5191732461519,8.12377255483343,1052.7027027027,"517402","0","1","osobne","0","0","novy","ine","ciast_rek","zmies","na","0",37,0,0.122,0,1
"774",888.559968970462,-216.703188924275,-19.6064789979105,1105.26315789474,"512036","0","2","osobne","0","0","uplnenovy","ine","kompl_rek","tehla","na","0",28.5,0,0,0,1
"852",1046.39413419413,-116.105865805874,-9.98760135964507,1162.5,"517402","0","4","osobne","0","1","sociknovy","ine","kompl_rek","panel","na","0",20,0,0,0,1
